Date,Product,Region,Customer_Type,Quantity,Price,Discount,Revenue
2024-07-08,Games,East,Free,285,4.81,0.0,1370.85
2024-11-04,Social Media,North,Free,204,8.96,0.29,1297.77
2024-12-24,Utilities,South,Free,35,9.56,0.2,267.68
2024-02-13,Utilities,North,Paid,22,6.94,0.18,125.2
2024-04-27,Games,North,Paid,162,6.93,0.13,976.71
2024-09-20,Utilities,East,Free,69,7.0,0.27,352.59
2024-12-05,Utilities,South,Free,406,7.69,0.07,2903.59
2024-07-01,Utilities,North,Free,263,0.92,0.15,205.67
2024-06-21,Productivity,East,Free,204,9.7,0.19,1602.83
2024-07-14,Utilities,West,Free,84,9.01,0.29,537.36
2024-01-22,Social Media,North,Free,112,1.38,0.17,128.28
2024-03-06,Utilities,East,Free,219,1.97,0.12,379.66
2024-09-06,Games,East,Paid,169,5.98,0.18,828.71
2024-06-28,Games,North,Free,132,3.49,0.01,456.07
2024-03-21,Productivity,North,Paid,108,9.95,0.1,967.14
2024-12-22,Games,North,Paid,268,9.5,0.21,2011.34
2024-03-08,Utilities,East,Paid,142,4.05,0.28,414.07
2024-09-11,Productivity,South,Free,366,4.01,0.05,1394.28
2024-05-09,Social Media,West,Paid,142,7.47,0.27,774.34
2024-02-17,Utilities,West,Free,237,7.67,0.28,1308.81
2024-01-28,Productivity,North,Free,225,3.8,0.02,837.9
2024-04-29,Utilities,North,Free,5,1.42,0.27,5.18
2024-09-17,Social Media,South,Paid,374,5.1,0.19,1544.99
2024-03-12,Utilities,North,Free,291,2.52,0.13,637.99
2024-07-10,Utilities,South,Paid,232,3.41,0.05,751.56
2024-05-20,Social Media,West,Free,389,7.52,0.16,2457.24
2024-02-08,Productivity,North,Paid,308,2.02,0.06,584.83
2024-12-11,Productivity,East,Free,61,6.75,0.04,395.28
2024-08-22,Productivity,South,Free,256,0.47,0.18,98.66
2024-12-23,Social Media,North,Paid,366,0.71,0.13,226.08
2024-10-14,Social Media,East,Paid,203,3.08,0.19,506.44
2024-12-16,Utilities,East,Free,158,4.66,0.09,670.01
2024-07-09,Utilities,South,Free,199,0.81,0.2,128.95
2024-12-06,Productivity,North,Paid,422,6.45,0.28,1959.77
2024-06-15,Utilities,South,Free,96,1.35,0.14,111.46
2024-08-17,Utilities,East,Paid,24,6.45,0.23,119.2
2024-06-03,Games,South,Paid,415,1.99,0.09,751.52
2024-08-10,Productivity,East,Paid,201,4.17,0.3,586.72
2024-07-15,Games,North,Paid,459,3.26,0.05,1421.52
2024-02-23,Social Media,East,Free,66,1.11,0.13,63.74
2024-09-26,Utilities,North,Paid,230,6.52,0.2,1199.68
2024-08-02,Productivity,East,Free,63,8.82,0.05,527.88
2024-10-14,Games,West,Free,414,0.58,0.29,170.49
2024-03-05,Games,West,Free,287,7.13,0.18,1677.97
2024-08-30,Social Media,West,Free,434,4.63,0.24,1527.16
2024-08-16,Utilities,North,Paid,420,2.81,0.11,1050.38
2024-09-21,Social Media,South,Paid,458,2.55,0.07,1086.15
2024-10-08,Social Media,North,Paid,111,2.36,0.2,209.57
2024-08-20,Productivity,North,Free,228,3.24,0.09,672.24
2024-10-03,Social Media,East,Free,394,6.06,0.2,1910.11
2024-10-06,Productivity,South,Free,150,9.1,0.08,1255.8
2024-09-11,Utilities,West,Paid,432,5.75,0.15,2111.4
2024-11-17,Games,South,Paid,209,1.84,0.26,284.57
2024-09-15,Utilities,East,Paid,424,0.67,0.17,235.79
2024-08-22,Productivity,North,Paid,308,6.99,0.16,1808.45
2024-06-12,Social Media,South,Free,435,4.29,0.04,1791.5
2024-08-14,Games,West,Paid,281,4.09,0.17,953.91
2024-10-26,Games,North,Free,366,5.04,0.14,1586.39
2024-10-20,Social Media,West,Paid,329,0.23,0.28,54.48
2024-09-28,Games,West,Paid,274,2.16,0.1,532.66
2024-11-01,Utilities,North,Free,408,9.88,0.02,3950.42
2024-07-22,Games,East,Paid,72,7.48,0.25,403.92
2024-10-10,Productivity,North,Free,97,1.32,0.29,90.91
2024-05-13,Productivity,North,Free,272,0.04,0.12,9.57
2024-02-12,Utilities,East,Paid,404,8.13,0.1,2956.07
2024-02-17,Games,South,Free,500,1.75,0.03,848.75
2024-04-18,Social Media,South,Paid,116,7.14,0.28,596.33
2024-11-14,Utilities,North,Free,322,8.72,0.02,2751.68
2024-08-29,Games,East,Paid,318,7.7,0.14,2105.8
2024-03-01,Productivity,North,Paid,28,5.42,0.1,136.58
2024-06-14,Utilities,East,Paid,346,2.0,0.07,643.56
2024-01-01,Games,East,Paid,485,8.06,0.27,2853.64
2024-09-10,Utilities,South,Free,201,2.22,0.06,419.45
2024-03-18,Utilities,North,Paid,383,0.38,0.25,109.16
2024-07-15,Utilities,North,Paid,153,3.15,0.22,375.92
2024-05-04,Social Media,North,Paid,374,9.19,0.09,3127.72
2024-12-10,Games,West,Free,470,7.3,0.01,3396.69
2024-10-04,Games,West,Free,90,5.93,0.06,501.68
2024-06-08,Utilities,East,Paid,162,2.59,0.21,331.47
2024-06-29,Games,East,Paid,211,3.73,0.22,613.88
2024-04-03,Social Media,West,Free,308,5.4,0.07,1546.78
2024-12-26,Social Media,North,Free,57,4.29,0.1,220.08
2024-01-20,Productivity,North,Paid,59,7.6,0.13,390.11
2024-08-08,Social Media,East,Free,131,1.73,0.2,181.3
2024-07-07,Social Media,South,Free,387,5.44,0.03,2042.12
2024-10-12,Social Media,West,Paid,484,5.15,0.12,2193.49
2024-11-07,Utilities,North,Paid,5,9.38,0.29,33.3
2024-11-20,Social Media,South,Free,334,5.71,0.23,1468.5
2024-08-18,Social Media,East,Paid,25,6.6,0.24,125.4
2024-02-14,Productivity,South,Paid,302,0.53,0.04,153.66
2024-01-25,Utilities,West,Paid,469,1.97,0.27,674.47
2024-09-05,Games,North,Free,500,1.79,0.17,742.85
2024-10-11,Utilities,North,Free,126,0.91,0.07,106.63
2024-01-22,Utilities,South,Paid,25,1.91,0.03,46.32
2024-09-24,Utilities,West,Paid,403,6.98,0.21,2222.22
2024-09-28,Utilities,North,Paid,194,2.22,0.1,387.61
2024-09-26,Productivity,West,Paid,412,7.12,0.09,2669.43
2024-05-05,Utilities,South,Paid,389,7.95,0.23,2381.26
2024-06-07,Social Media,East,Paid,305,8.98,0.15,2328.06
2024-01-22,Games,South,Free,272,3.69,0.03,973.57
2024-09-27,Social Media,West,Free,373,2.71,0.14,869.31
2024-11-20,Productivity,North,Paid,401,2.05,0.07,764.51
2024-12-23,Games,South,Free,413,8.45,0.25,2617.39
2024-05-14,Games,South,Free,194,1.83,0.27,259.16
2024-03-25,Utilities,North,Free,35,2.56,0.2,71.68
2024-01-02,Games,North,Paid,78,1.96,0.07,142.18
2024-09-01,Games,West,Free,74,4.29,0.3,222.22
2024-03-25,Social Media,East,Paid,248,3.6,0.05,848.16
2024-02-04,Social Media,North,Free,372,5.85,0.16,1828.01
2024-02-04,Social Media,North,Free,285,2.08,0.18,486.1
2024-07-22,Social Media,West,Paid,334,6.68,0.09,2030.32
2024-09-14,Social Media,West,Free,66,8.12,0.25,401.94
2024-10-18,Games,East,Free,19,2.76,0.29,37.23
2024-09-20,Utilities,East,Free,50,0.12,0.19,4.86
2024-03-03,Productivity,South,Paid,16,5.69,0.24,69.19
2024-11-26,Social Media,South,Free,326,3.22,0.12,923.75
2024-04-08,Games,South,Free,365,3.25,0.12,1043.9
2024-12-04,Productivity,North,Free,26,9.92,0.23,198.6
2024-05-13,Social Media,South,Free,427,6.24,0.2,2131.58
2024-05-25,Social Media,East,Free,336,6.45,0.11,1928.81
2024-11-22,Productivity,East,Free,445,4.88,0.17,1802.43
2024-09-10,Social Media,West,Free,18,3.85,0.0,69.3
2024-07-22,Social Media,North,Free,439,8.18,0.03,3483.29
2024-01-09,Productivity,West,Free,83,1.83,0.07,141.26
2024-10-07,Games,South,Free,41,6.8,0.23,214.68
2024-02-04,Games,South,Paid,253,7.79,0.1,1773.78
2024-05-08,Productivity,East,Paid,56,2.93,0.1,147.67
2024-10-23,Games,West,Free,495,2.77,0.19,1110.63
2024-05-27,Productivity,South,Paid,62,2.38,0.15,125.43
2024-05-19,Games,West,Free,396,8.32,0.25,2471.04
2024-09-26,Productivity,South,Free,60,3.92,0.28,169.34
2024-10-29,Productivity,South,Free,66,2.52,0.21,131.39
2024-04-11,Games,North,Free,239,5.85,0.02,1370.19
2024-10-13,Games,North,Paid,83,1.21,0.03,97.42
2024-09-05,Utilities,West,Free,12,7.8,0.25,70.2
2024-05-02,Utilities,South,Free,245,9.59,0.01,2326.05
2024-06-22,Utilities,North,Paid,247,7.94,0.03,1902.34
2024-10-25,Productivity,North,Paid,348,3.51,0.05,1160.41
2024-02-20,Productivity,West,Free,91,4.39,0.09,363.54
2024-02-18,Utilities,West,Free,198,0.98,0.21,153.29
2024-05-27,Games,West,Paid,94,1.8,0.28,121.82
2024-07-30,Utilities,West,Free,403,4.42,0.11,1585.32
2024-01-05,Social Media,West,Paid,144,2.97,0.24,325.04
2024-05-31,Utilities,East,Paid,186,4.7,0.09,795.52
2024-03-23,Utilities,East,Free,296,2.03,0.18,492.72
2024-09-27,Games,North,Paid,233,9.18,0.26,1582.82
2024-11-18,Social Media,East,Paid,428,8.88,0.13,3306.56
2024-06-04,Utilities,West,Free,174,2.93,0.24,387.46
2024-03-09,Games,East,Free,215,0.42,0.19,73.14
2024-05-16,Social Media,East,Paid,210,1.77,0.02,364.27
2024-06-29,Games,North,Paid,35,6.22,0.15,185.04
2024-02-20,Productivity,West,Paid,450,3.45,0.11,1381.72
2024-05-07,Productivity,North,Paid,301,6.35,0.06,1796.67
2024-06-01,Productivity,North,Paid,268,2.22,0.05,565.21
2024-04-21,Productivity,East,Paid,193,7.85,0.26,1121.14
2024-07-10,Social Media,East,Free,354,5.07,0.16,1507.62
2024-01-20,Productivity,South,Paid,13,1.51,0.28,14.13
2024-03-12,Productivity,West,Paid,313,3.66,0.22,893.55
2024-02-23,Productivity,South,Free,174,1.88,0.28,235.53
2024-07-04,Productivity,South,Paid,446,0.46,0.22,160.02
2024-06-01,Games,North,Free,422,2.49,0.13,914.18
2024-12-25,Games,West,Free,117,5.11,0.13,520.15
2024-02-15,Productivity,West,Free,388,7.43,0.3,2017.99
2024-07-29,Social Media,West,Paid,198,1.23,0.01,241.1
2024-11-25,Social Media,South,Paid,248,6.52,0.0,1616.96
2024-04-11,Social Media,South,Paid,4,7.07,0.15,24.04
2024-12-02,Social Media,North,Paid,457,2.1,0.12,844.54
2024-08-14,Productivity,North,Free,205,1.47,0.22,235.05
2024-11-21,Productivity,North,Free,361,5.68,0.25,1537.86
2024-01-28,Games,East,Free,287,0.74,0.28,152.91
2024-05-12,Productivity,South,Free,351,2.31,0.11,721.62
2024-12-23,Games,East,Free,66,1.71,0.07,104.96
2024-07-08,Games,West,Paid,358,5.59,0.2,1600.98
2024-02-28,Productivity,North,Free,69,3.5,0.03,234.26
2024-11-07,Games,West,Free,161,5.37,0.05,821.34
2024-06-12,Social Media,East,Paid,231,0.4,0.01,91.48
2024-09-09,Social Media,North,Paid,147,1.55,0.17,189.12
2024-02-24,Productivity,North,Free,280,7.37,0.27,1506.43
2024-11-08,Productivity,South,Free,266,9.63,0.27,1869.95
2024-08-21,Social Media,East,Paid,210,3.96,0.02,814.97
2024-09-16,Productivity,West,Free,216,1.53,0.04,317.26
2024-10-09,Games,North,Free,359,2.94,0.07,981.58
2024-06-05,Productivity,South,Free,477,2.42,0.27,842.67
2024-12-20,Utilities,North,Paid,346,1.54,0.13,463.57
2024-06-16,Utilities,West,Paid,252,5.33,0.21,1061.1
2024-01-22,Utilities,East,Free,127,7.34,0.29,661.85
2024-04-16,Games,South,Paid,162,9.01,0.0,1459.62
2024-06-27,Productivity,West,Paid,500,4.2,0.18,1722.0
2024-08-17,Productivity,East,Free,230,6.79,0.02,1530.47
2024-02-22,Utilities,East,Free,173,3.39,0.28,422.26
2024-05-07,Games,West,Paid,238,8.04,0.21,1511.68
2024-04-25,Social Media,East,Paid,426,7.46,0.18,2605.93
2024-06-13,Social Media,South,Paid,310,3.49,0.21,854.7
2024-12-02,Social Media,North,Free,105,9.53,0.28,720.47
2024-03-23,Games,East,Paid,306,4.8,0.23,1130.98
2024-04-26,Games,West,Paid,288,9.36,0.02,2641.77
2024-05-28,Social Media,North,Free,336,4.99,0.13,1458.68
2024-06-16,Social Media,South,Free,99,8.43,0.18,684.35
2024-02-03,Social Media,South,Paid,321,2.31,0.2,593.21
2024-06-17,Utilities,North,Free,23,2.89,0.26,49.19
2024-02-14,Social Media,South,Paid,396,4.56,0.13,1571.01
2024-03-24,Games,East,Free,32,6.69,0.22,166.98
2024-06-17,Games,South,Paid,250,8.58,0.09,1951.95
2024-07-23,Productivity,South,Free,348,0.53,0.29,130.95
2024-12-01,Utilities,South,Free,210,2.1,0.14,379.26
2024-06-14,Utilities,East,Paid,192,3.04,0.06,548.66
2024-07-10,Productivity,North,Paid,174,0.02,0.27,2.54
2024-01-18,Social Media,West,Free,97,9.46,0.26,679.04
2024-09-07,Social Media,North,Free,351,1.9,0.3,466.83
2024-10-26,Social Media,East,Free,71,6.55,0.11,413.89
2024-09-19,Utilities,South,Free,407,3.82,0.07,1445.91
2024-05-28,Social Media,East,Free,418,8.54,0.04,3426.93
2024-02-14,Social Media,North,Paid,152,5.53,0.13,731.29
2024-06-24,Utilities,North,Free,144,4.36,0.02,615.28
2024-01-21,Games,West,Free,360,1.71,0.03,597.13
2024-02-26,Games,North,Free,66,3.73,0.23,189.56
2024-06-17,Social Media,East,Free,450,4.34,0.24,1484.28
2024-02-14,Social Media,West,Free,350,3.09,0.02,1059.87
2024-05-19,Games,West,Free,97,4.38,0.11,378.13
2024-01-22,Utilities,West,Free,86,4.25,0.08,336.26
2024-11-22,Social Media,East,Free,291,8.1,0.05,2239.24
2024-06-15,Productivity,East,Free,52,3.1,0.05,153.14
2024-09-07,Utilities,South,Free,472,8.59,0.28,2919.23
2024-08-24,Utilities,North,Free,195,4.94,0.2,770.64
2024-07-09,Social Media,South,Paid,416,5.72,0.21,1879.82
2024-12-29,Social Media,South,Free,265,7.46,0.05,1878.06
2024-11-09,Productivity,North,Free,294,6.96,0.04,1964.39
2024-12-25,Games,South,Paid,380,0.74,0.29,199.65
2024-03-12,Productivity,West,Free,325,4.98,0.07,1505.21
2024-09-04,Games,West,Free,197,4.38,0.14,742.06
2024-02-23,Games,North,Free,350,1.79,0.1,563.85
2024-06-30,Social Media,West,Paid,497,9.32,0.02,4539.4
2024-04-14,Productivity,South,Paid,470,0.78,0.16,307.94
2024-10-15,Utilities,South,Free,306,7.31,0.16,1878.96
2024-08-24,Utilities,West,Free,254,5.61,0.13,1239.7
2024-02-22,Productivity,East,Paid,267,4.75,0.01,1255.57
2024-10-10,Games,West,Paid,66,9.02,0.08,547.69
2024-10-23,Games,North,Free,398,4.35,0.17,1436.98
2024-04-14,Utilities,South,Paid,345,9.53,0.3,2301.5
2024-06-28,Utilities,West,Paid,11,1.44,0.1,14.26
2024-12-17,Utilities,South,Paid,47,0.05,0.09,2.14
2024-07-11,Social Media,West,Free,427,4.58,0.06,1838.32
2024-09-19,Games,East,Free,74,9.26,0.21,541.34
2024-12-02,Social Media,West,Paid,497,0.68,0.01,334.58
2024-09-27,Games,East,Free,470,2.93,0.12,1211.85
2024-05-31,Productivity,South,Free,269,6.38,0.24,1304.33
2024-12-04,Games,South,Paid,263,9.58,0.16,2116.41
2024-12-08,Games,South,Free,61,3.44,0.18,172.07
2024-01-28,Social Media,North,Paid,314,8.08,0.04,2435.64
2024-04-11,Utilities,South,Free,421,4.49,0.04,1814.68
2024-04-18,Social Media,South,Free,398,1.73,0.17,571.49
2024-12-14,Social Media,East,Free,344,0.82,0.07,262.33
2024-09-24,Games,East,Paid,287,4.78,0.09,1248.39
2024-02-29,Productivity,North,Paid,202,8.13,0.18,1346.65
2024-12-25,Social Media,South,Free,352,8.87,0.01,3091.02
2024-02-27,Utilities,West,Paid,378,5.46,0.16,1733.66
2024-11-08,Utilities,East,Paid,178,6.57,0.09,1064.21
2024-12-11,Utilities,West,Paid,406,0.47,0.21,150.75
2024-08-25,Productivity,West,Free,383,5.41,0.08,1906.27
2024-12-27,Productivity,North,Free,324,5.53,0.19,1451.29
2024-06-22,Social Media,East,Free,14,1.98,0.09,25.23
2024-02-01,Utilities,North,Free,138,5.62,0.13,674.74
2024-02-04,Productivity,East,Free,89,5.08,0.16,379.78
2024-09-10,Utilities,North,Paid,303,3.54,0.18,879.55
2024-03-27,Games,North,Paid,292,7.45,0.27,1588.04
2024-08-01,Productivity,South,Paid,40,0.07,0.08,2.58
2024-11-22,Productivity,South,Free,424,6.65,0.08,2594.03
2024-07-12,Social Media,North,Paid,291,7.45,0.04,2081.23
2024-04-24,Productivity,West,Paid,49,4.55,0.22,173.9
2024-08-23,Utilities,East,Paid,17,7.52,0.29,90.77
2024-12-19,Games,South,Paid,19,9.42,0.09,162.87
2024-04-15,Productivity,North,Paid,335,1.05,0.17,291.95
2024-06-06,Productivity,East,Free,254,0.02,0.25,3.81
2024-06-01,Productivity,West,Free,336,9.94,0.02,3273.04
2024-06-16,Social Media,West,Free,210,7.34,0.19,1248.53
2024-11-05,Utilities,South,Free,311,1.2,0.05,354.54
2024-08-11,Social Media,North,Free,183,0.41,0.29,53.27
2024-09-10,Social Media,South,Free,150,1.54,0.27,168.63
2024-08-25,Games,South,Free,112,5.3,0.04,569.86
2024-09-24,Productivity,South,Free,71,3.84,0.21,215.39
2024-12-15,Social Media,West,Paid,419,8.51,0.24,2709.92
2024-09-24,Productivity,West,Free,396,1.61,0.29,452.67
2024-06-09,Utilities,West,Paid,360,3.88,0.1,1257.12
2024-05-02,Utilities,East,Paid,489,1.53,0.08,688.32
2024-10-11,Utilities,West,Paid,207,2.09,0.04,415.32
2024-01-30,Utilities,North,Free,309,4.98,0.14,1323.39
2024-12-17,Social Media,West,Free,55,9.63,0.11,471.39
2024-05-03,Social Media,North,Free,484,8.34,0.21,3188.88
2024-05-30,Utilities,North,Paid,343,5.82,0.24,1517.16
2024-07-12,Utilities,South,Free,262,5.53,0.13,1260.51
2024-07-16,Social Media,East,Paid,436,6.82,0.04,2854.58
2024-09-04,Games,South,Free,375,4.71,0.08,1624.95
2024-03-19,Games,North,Paid,267,4.92,0.3,919.55
2024-07-11,Social Media,North,Free,425,3.93,0.24,1269.39
2024-06-11,Utilities,West,Paid,144,0.76,0.14,94.12
2024-06-04,Games,East,Free,385,3.21,0.11,1099.91
2024-10-04,Social Media,South,Paid,446,1.32,0.25,441.54
2024-02-25,Games,West,Paid,455,5.31,0.26,1787.88
2024-08-25,Productivity,South,Paid,167,5.01,0.13,727.9
2024-03-18,Productivity,West,Free,466,0.84,0.13,340.55
2024-02-08,Productivity,West,Free,427,8.54,0.2,2917.26
2024-11-18,Games,East,Free,173,0.27,0.14,40.17
2024-01-29,Social Media,North,Free,143,9.69,0.02,1357.96
2024-11-30,Productivity,West,Free,124,7.4,0.3,642.32
2024-11-09,Games,East,Free,194,4.52,0.13,762.89
2024-06-04,Productivity,East,Paid,417,4.34,0.04,1737.39
2024-10-26,Games,East,Free,391,2.84,0.14,954.98
2024-05-26,Games,West,Free,251,4.14,0.21,820.92
2024-04-01,Games,West,Free,370,2.8,0.06,973.84
2024-08-28,Social Media,North,Paid,410,1.83,0.03,727.79
2024-03-26,Social Media,West,Paid,414,4.06,0.1,1512.76
2024-12-17,Productivity,South,Paid,374,7.08,0.15,2250.73
2024-06-23,Social Media,West,Free,116,2.2,0.1,229.68
2024-07-05,Social Media,North,Paid,102,5.74,0.1,526.93
2024-10-08,Games,South,Free,377,5.61,0.03,2051.52
2024-12-20,Productivity,West,Free,376,0.28,0.24,80.01
2024-06-15,Games,East,Paid,188,4.7,0.24,671.54
2024-07-20,Games,South,Paid,95,6.83,0.1,583.96
2024-11-20,Games,North,Paid,404,4.21,0.27,1241.61
2024-04-16,Games,West,Paid,11,3.42,0.21,29.72
2024-07-14,Utilities,South,Paid,320,5.04,0.1,1451.52
2024-11-04,Productivity,East,Free,312,5.18,0.13,1406.06
2024-09-28,Social Media,East,Paid,305,2.72,0.11,738.34
2024-08-29,Utilities,West,Paid,353,5.0,0.23,1359.05
2024-07-23,Productivity,West,Free,130,0.74,0.19,77.92
2024-06-12,Utilities,East,Free,279,0.66,0.27,134.42
2024-11-28,Games,South,Free,10,3.81,0.15,32.38
2024-09-02,Games,South,Free,301,2.17,0.08,600.92
2024-08-13,Social Media,South,Free,361,3.02,0.08,1003.0
2024-06-21,Games,North,Paid,307,9.71,0.08,2742.49
2024-05-31,Productivity,North,Paid,168,2.01,0.06,317.42
2024-05-31,Games,South,Paid,175,2.3,0.18,330.05
2024-09-23,Productivity,West,Paid,212,3.68,0.07,725.55
2024-04-19,Utilities,West,Free,60,0.17,0.23,7.85
2024-01-27,Social Media,North,Paid,410,1.93,0.09,720.08
2024-01-16,Games,East,Paid,12,9.37,0.25,84.33
2024-06-06,Utilities,North,Paid,12,2.93,0.2,28.13
2024-07-09,Productivity,South,Free,485,8.38,0.26,3007.58
2024-09-19,Productivity,North,Paid,282,3.55,0.22,780.86
2024-08-29,Utilities,West,Paid,42,0.05,0.29,1.49
2024-06-08,Productivity,East,Free,149,4.85,0.22,563.67
2024-08-11,Productivity,West,Paid,316,9.92,0.3,2194.3
2024-08-01,Social Media,North,Free,243,5.9,0.08,1319.0
2024-07-03,Games,West,Paid,136,1.19,0.01,160.22
2024-01-21,Games,South,Free,462,8.94,0.24,3139.01
2024-08-14,Productivity,West,Paid,283,2.26,0.28,460.5
2024-05-11,Productivity,East,Free,171,6.28,0.3,751.72
2024-01-27,Games,West,Free,391,5.77,0.08,2075.58
2024-07-17,Productivity,West,Paid,72,1.4,0.22,78.62
2024-07-31,Productivity,East,Paid,7,1.02,0.27,5.21
2024-07-05,Productivity,North,Paid,455,8.44,0.23,2956.95
2024-11-05,Productivity,East,Paid,387,8.6,0.2,2662.56
2024-05-25,Productivity,East,Free,452,1.91,0.08,794.25
2024-07-14,Games,West,Free,148,2.67,0.04,379.35
2024-12-29,Utilities,East,Paid,319,5.2,0.27,1210.92
2024-03-29,Games,East,Free,486,2.95,0.09,1304.67
2024-10-11,Productivity,North,Paid,472,0.91,0.06,403.75
2024-10-11,Productivity,North,Free,73,2.85,0.11,185.16
2024-07-20,Social Media,North,Paid,400,6.41,0.11,2281.96
2024-06-07,Social Media,East,Free,441,6.53,0.19,2332.58
2024-09-09,Games,West,Paid,62,9.69,0.14,516.67
2024-07-29,Productivity,South,Paid,305,6.58,0.06,1886.49
2024-06-09,Social Media,West,Paid,184,5.19,0.28,687.57
2024-07-02,Social Media,North,Paid,457,0.96,0.15,372.91
2024-02-15,Games,South,Free,416,0.94,0.15,332.38
2024-07-07,Productivity,West,Paid,351,9.26,0.02,3185.25
2024-12-21,Social Media,South,Paid,63,7.14,0.21,355.36
2024-02-01,Productivity,East,Paid,340,8.52,0.26,2143.63
2024-05-29,Productivity,West,Free,450,2.48,0.28,803.52
2024-11-10,Productivity,East,Free,113,7.09,0.11,713.04
2024-08-17,Games,East,Free,456,5.87,0.18,2194.91
2024-09-02,Games,North,Paid,455,2.76,0.15,1067.43
2024-10-28,Social Media,West,Free,203,4.49,0.06,856.78
2024-02-06,Productivity,North,Free,53,3.04,0.08,148.23
2024-06-10,Games,West,Paid,333,1.94,0.16,542.66
2024-07-02,Utilities,North,Paid,59,3.67,0.25,162.4
2024-04-26,Social Media,North,Free,322,5.76,0.13,1613.61
2024-07-06,Utilities,West,Paid,78,9.92,0.1,696.38
2024-03-05,Social Media,North,Free,318,7.06,0.14,1930.77
2024-03-10,Productivity,East,Paid,301,7.74,0.22,1817.2
2024-02-26,Games,West,Free,110,4.59,0.03,489.75
2024-04-15,Games,North,Free,264,6.57,0.19,1404.93
2024-01-06,Games,East,Paid,132,5.07,0.15,568.85
2024-06-06,Social Media,West,Paid,449,1.16,0.07,484.38
2024-02-07,Productivity,West,Paid,496,4.84,0.16,2016.54
2024-12-29,Games,South,Free,445,4.14,0.08,1694.92
2024-03-03,Utilities,South,Free,72,8.0,0.29,408.96
2024-05-15,Productivity,West,Free,394,8.09,0.05,3028.09
2024-03-12,Utilities,North,Paid,263,8.63,0.18,1861.15
2024-06-07,Games,North,Paid,219,9.68,0.14,1823.13
2024-06-02,Utilities,East,Free,325,3.41,0.07,1030.67
2024-05-13,Productivity,West,Paid,447,5.57,0.16,2091.42
2024-06-11,Productivity,West,Paid,485,8.23,0.12,3512.56
2024-04-11,Social Media,West,Free,153,5.12,0.0,783.36
2024-05-15,Productivity,East,Paid,439,3.25,0.26,1055.8
2024-03-31,Social Media,North,Free,183,7.86,0.13,1251.39
2024-10-09,Productivity,East,Free,103,3.24,0.22,260.3
2024-06-02,Games,East,Free,344,4.24,0.03,1414.8
2024-07-10,Games,North,Paid,444,2.09,0.03,900.12
2024-03-01,Utilities,West,Paid,430,5.83,0.14,2155.93
2024-03-26,Games,South,Free,347,4.44,0.01,1525.27
2024-03-13,Social Media,East,Free,70,5.03,0.03,341.54
2024-02-25,Games,South,Free,262,1.09,0.01,282.72
2024-10-31,Utilities,East,Free,185,7.54,0.04,1339.1
2024-03-09,Utilities,East,Free,288,7.87,0.2,1813.25
2024-07-21,Utilities,North,Free,495,0.88,0.09,396.4
2024-10-10,Games,East,Paid,238,7.33,0.25,1308.4
2024-12-07,Productivity,North,Paid,192,3.11,0.01,591.15
2024-01-16,Social Media,South,Paid,107,8.13,0.11,774.22
2024-10-02,Social Media,East,Paid,23,4.24,0.1,87.77
2024-06-29,Productivity,North,Free,222,6.89,0.09,1391.92
2024-08-22,Social Media,East,Free,430,6.45,0.14,2385.21
2024-10-22,Utilities,South,Free,90,1.43,0.11,114.54
2024-01-23,Utilities,West,Paid,219,1.15,0.14,216.59
2024-07-05,Utilities,South,Free,16,1.59,0.18,20.86
2024-10-27,Productivity,North,Free,108,9.56,0.25,774.36
2024-10-24,Games,North,Free,418,9.88,0.12,3634.26
2024-12-26,Productivity,South,Paid,89,2.77,0.11,219.41
2024-08-18,Productivity,North,Paid,253,8.95,0.24,1720.91
2024-05-24,Productivity,North,Free,401,7.63,0.18,2508.9
2024-12-11,Games,West,Paid,111,4.83,0.21,423.54
2024-09-25,Productivity,North,Free,291,7.18,0.24,1587.93
2024-01-10,Utilities,North,Free,83,5.82,0.0,483.06
2024-06-24,Social Media,West,Paid,317,0.81,0.18,210.55
2024-11-05,Utilities,East,Free,269,6.31,0.28,1222.12
2024-07-18,Games,North,Paid,210,4.23,0.25,666.22
2024-12-29,Productivity,North,Paid,321,5.43,0.13,1516.44
2024-04-21,Utilities,South,Paid,399,3.24,0.08,1189.34
2024-09-03,Social Media,North,Free,173,6.03,0.12,918.01
2024-09-18,Productivity,West,Paid,311,2.73,0.2,679.22
2024-09-11,Social Media,North,Paid,137,1.07,0.09,133.4
2024-08-06,Utilities,West,Paid,118,7.7,0.1,817.74
2024-09-04,Utilities,West,Paid,341,9.1,0.29,2203.2
2024-02-06,Productivity,East,Free,97,8.13,0.21,623.0
2024-03-11,Productivity,South,Paid,462,6.87,0.01,3142.2
2024-01-26,Productivity,East,Free,140,4.13,0.19,468.34
2024-05-26,Social Media,East,Free,75,4.42,0.0,331.5
2024-11-06,Productivity,North,Paid,77,2.45,0.23,145.26
2024-10-13,Social Media,South,Paid,328,5.38,0.17,1464.65
2024-01-14,Social Media,East,Free,240,7.22,0.07,1611.5
2024-03-07,Social Media,West,Paid,467,9.41,0.03,4262.64
2024-07-22,Social Media,North,Free,275,4.03,0.02,1086.08
2024-07-07,Social Media,East,Paid,284,6.33,0.24,1366.27
2024-02-15,Productivity,South,Paid,262,8.81,0.02,2262.06
2024-12-24,Social Media,North,Free,423,4.1,0.25,1300.72
2024-06-01,Games,East,Paid,106,7.31,0.03,751.61
2024-05-29,Social Media,East,Paid,374,2.74,0.28,737.83
2024-06-07,Productivity,East,Free,390,2.42,0.25,707.85
2024-10-29,Utilities,East,Paid,486,1.39,0.24,513.41
2024-07-17,Social Media,East,Free,173,8.74,0.02,1481.78
2024-07-05,Productivity,South,Paid,331,1.56,0.18,423.42
2024-09-07,Games,East,Paid,403,4.75,0.08,1761.11
2024-01-29,Utilities,North,Paid,410,6.12,0.1,2258.28
2024-11-17,Games,East,Paid,253,4.44,0.16,943.59
2024-12-16,Productivity,West,Free,435,3.25,0.1,1272.38
2024-09-12,Social Media,West,Free,483,4.2,0.06,1906.88
2024-12-08,Productivity,West,Paid,480,8.82,0.08,3894.91
2024-06-13,Social Media,South,Paid,150,2.96,0.14,381.84
2024-02-21,Social Media,East,Paid,416,3.67,0.16,1282.44
2024-07-27,Social Media,North,Free,275,2.43,0.21,527.92
2024-03-01,Utilities,South,Free,408,6.19,0.17,2096.18
2024-08-08,Productivity,West,Paid,88,5.32,0.16,393.25
2024-07-20,Social Media,West,Paid,316,5.61,0.14,1524.57
2024-07-12,Social Media,East,Free,385,5.69,0.29,1555.36
2024-09-06,Utilities,South,Paid,156,3.97,0.21,489.26
2024-11-20,Utilities,West,Free,133,9.18,0.14,1050.01
2024-11-20,Productivity,West,Paid,110,5.07,0.27,407.12
2024-10-13,Utilities,North,Paid,40,4.61,0.01,182.56
2024-08-30,Games,South,Free,314,7.75,0.12,2141.48
2024-11-26,Utilities,South,Free,26,0.52,0.08,12.44
2024-08-31,Productivity,North,Paid,114,1.56,0.22,138.72
2024-06-10,Social Media,North,Paid,231,6.8,0.02,1539.38
2024-11-15,Games,North,Free,154,7.81,0.17,998.27
2024-01-26,Productivity,South,Free,18,6.22,0.07,104.12
2024-02-16,Productivity,East,Free,433,5.86,0.16,2131.4
2024-04-27,Utilities,East,Free,500,5.47,0.04,2625.6
2024-01-01,Utilities,South,Free,303,2.21,0.28,482.13
2024-04-17,Productivity,South,Paid,281,1.67,0.23,361.34
2024-11-27,Utilities,West,Paid,102,0.73,0.02,72.97
2024-02-21,Productivity,South,Paid,299,5.88,0.21,1388.91
2024-12-31,Games,East,Free,328,4.21,0.3,966.62
2024-08-02,Social Media,North,Paid,393,3.01,0.17,981.83
2024-05-31,Productivity,South,Free,84,6.66,0.06,525.87
2024-07-25,Games,North,Paid,405,0.16,0.28,46.66
2024-04-13,Utilities,East,Paid,217,7.87,0.22,1332.08
2024-12-24,Social Media,West,Free,203,8.53,0.3,1212.11
2024-04-21,Productivity,North,Free,479,1.43,0.02,671.27
2024-07-14,Utilities,East,Paid,421,6.01,0.13,2201.28
2024-07-23,Games,North,Free,432,6.8,0.15,2496.96
2024-11-20,Utilities,South,Paid,231,9.05,0.02,2048.74
2024-01-07,Social Media,West,Paid,341,5.66,0.02,1891.46
2024-05-29,Games,West,Paid,135,2.35,0.11,282.35
2024-01-23,Utilities,South,Free,86,9.82,0.15,717.84
2024-01-12,Games,North,Paid,210,4.96,0.18,854.11
2024-01-02,Utilities,South,Paid,425,2.2,0.1,841.5
2024-05-19,Social Media,West,Paid,307,2.38,0.05,694.13
2024-12-21,Utilities,North,Paid,347,6.06,0.01,2081.79
2024-08-11,Utilities,North,Paid,8,6.42,0.19,41.6
2024-04-17,Productivity,West,Free,235,2.61,0.19,496.81
2024-10-04,Social Media,North,Paid,371,8.75,0.14,2791.78
2024-09-19,Social Media,West,Paid,361,8.52,0.29,2183.76
2024-06-29,Social Media,East,Paid,491,4.55,0.08,2055.33
2024-05-22,Games,East,Paid,202,3.95,0.27,582.47
2024-07-10,Games,West,Free,408,6.77,0.12,2430.7
2024-10-16,Games,West,Paid,464,7.85,0.21,2877.5
2024-12-29,Productivity,East,Free,438,4.28,0.2,1499.71
2024-07-11,Productivity,North,Free,26,8.03,0.26,154.5
2024-07-12,Social Media,West,Paid,90,7.29,0.05,623.29
2024-09-13,Social Media,South,Paid,360,6.41,0.26,1707.62
2024-01-20,Social Media,East,Free,181,2.15,0.24,295.75
2024-02-19,Games,West,Paid,139,0.96,0.27,97.41
2024-10-11,Games,South,Free,71,5.82,0.09,376.03
2024-04-21,Utilities,West,Paid,322,2.83,0.14,783.68
2024-06-16,Productivity,West,Free,342,3.05,0.03,1011.81
2024-07-06,Social Media,West,Paid,29,9.82,0.08,262.0
2024-10-19,Games,East,Free,182,1.84,0.25,251.16
2024-09-07,Productivity,West,Free,57,7.96,0.22,353.9
2024-10-10,Productivity,South,Paid,344,7.08,0.3,1704.86
2024-01-13,Productivity,North,Free,157,1.65,0.3,181.34
2024-05-06,Utilities,East,Free,339,4.53,0.22,1197.82
2024-11-19,Productivity,North,Free,442,0.49,0.04,207.92
2024-12-11,Utilities,South,Paid,467,2.25,0.26,777.56
2024-06-16,Utilities,West,Free,413,3.77,0.24,1183.33
2024-07-02,Social Media,South,Free,34,3.99,0.11,120.74
2024-03-06,Utilities,West,Free,292,2.89,0.12,742.61
2024-09-11,Games,West,Free,217,2.03,0.25,330.38
2024-07-29,Social Media,South,Free,437,2.14,0.15,794.9
2024-08-22,Utilities,South,Paid,277,8.15,0.28,1625.44
2024-01-22,Games,West,Free,221,0.28,0.25,46.41
2024-04-30,Productivity,East,Paid,184,8.55,0.24,1195.63
2024-04-09,Social Media,North,Free,242,7.42,0.17,1490.38
2024-12-31,Productivity,East,Free,355,2.2,0.1,702.9
2024-05-22,Productivity,South,Free,40,5.93,0.11,211.11
2024-07-23,Utilities,South,Paid,21,6.63,0.16,116.95
2024-10-21,Social Media,East,Free,302,2.06,0.28,447.93
2024-04-13,Social Media,South,Free,135,6.7,0.27,660.28
2024-02-02,Social Media,North,Free,168,4.79,0.22,627.68
2024-08-10,Utilities,North,Paid,451,1.8,0.13,706.27
2024-05-06,Social Media,East,Free,25,5.15,0.25,96.56
2024-02-24,Games,South,Paid,235,7.4,0.15,1478.15
2024-09-19,Utilities,West,Paid,43,0.63,0.26,20.05
2024-04-18,Social Media,East,Paid,294,1.45,0.02,417.77
2024-07-02,Social Media,South,Paid,167,2.24,0.22,291.78
2024-08-24,Social Media,North,Free,296,8.27,0.0,2447.92
2024-09-16,Games,East,Paid,136,7.52,0.08,940.9
2024-09-26,Utilities,North,Paid,389,4.25,0.09,1504.46
2024-12-06,Utilities,West,Paid,222,1.56,0.18,283.98
2024-06-04,Games,North,Paid,370,0.65,0.25,180.38
2024-12-21,Games,North,Paid,111,7.58,0.09,765.66
2024-01-29,Social Media,West,Paid,135,1.38,0.09,169.53
2024-03-19,Games,West,Paid,362,0.14,0.06,47.64
2024-07-18,Productivity,North,Paid,338,9.66,0.13,2840.62
2024-01-26,Productivity,East,Free,95,2.01,0.08,175.67
2024-03-16,Games,West,Free,156,0.86,0.21,105.99
2024-01-27,Productivity,North,Free,464,8.94,0.28,2986.68
2024-06-28,Social Media,East,Paid,415,4.27,0.08,1630.29
2024-07-20,Productivity,South,Free,1,0.91,0.25,0.68
2024-11-11,Productivity,South,Paid,27,4.9,0.0,132.3
2024-12-08,Utilities,South,Paid,39,8.76,0.25,256.23
2024-04-03,Social Media,North,Paid,355,2.01,0.29,506.62
2024-05-31,Social Media,West,Paid,74,9.36,0.11,616.45
2024-06-02,Utilities,South,Free,73,6.93,0.3,354.12
2024-08-07,Utilities,West,Paid,328,1.47,0.22,376.08
2024-05-13,Games,South,Free,391,6.49,0.24,1928.57
2024-06-15,Games,East,Free,254,6.83,0.01,1717.47
2024-08-08,Games,North,Free,220,6.55,0.03,1397.77
2024-01-12,Productivity,South,Free,488,0.42,0.14,176.27
2024-02-21,Utilities,East,Paid,375,3.87,0.07,1349.66
2024-10-14,Social Media,West,Paid,190,3.0,0.14,490.2
2024-09-08,Games,South,Free,161,5.2,0.08,770.22
2024-07-25,Games,East,Paid,88,5.57,0.28,352.92
2024-03-13,Utilities,East,Free,214,0.94,0.19,162.94
2024-02-19,Productivity,South,Free,496,1.66,0.25,617.52
2024-12-06,Games,East,Free,257,1.41,0.14,311.64
2024-05-10,Social Media,West,Free,263,6.15,0.24,1229.26
2024-05-27,Games,West,Paid,120,0.53,0.26,47.06
2024-03-03,Productivity,East,Paid,92,6.36,0.17,485.65
2024-12-27,Productivity,South,Free,172,1.64,0.04,270.8
2024-04-03,Social Media,West,Free,259,8.13,0.14,1810.88
2024-04-26,Games,South,Free,11,0.09,0.08,0.91
2024-06-19,Utilities,North,Paid,198,0.83,0.19,133.12
2024-02-02,Social Media,West,Free,157,0.79,0.26,91.78
2024-02-23,Utilities,East,Free,436,2.62,0.21,902.43
2024-09-01,Games,East,Free,54,3.1,0.02,164.05
2024-05-02,Social Media,West,Paid,128,3.67,0.2,375.81
2024-11-28,Productivity,North,Paid,117,1.03,0.23,92.79
2024-11-13,Social Media,East,Paid,479,0.57,0.23,210.23
2024-04-01,Utilities,West,Free,302,3.51,0.14,911.62
2024-03-12,Social Media,West,Free,402,0.82,0.06,309.86
2024-08-08,Productivity,West,Paid,436,0.05,0.06,20.49
2024-02-16,Utilities,North,Paid,160,7.46,0.18,978.75
2024-07-16,Utilities,South,Free,410,6.24,0.03,2481.65
2024-12-14,Social Media,South,Free,125,4.24,0.19,429.3
2024-03-11,Productivity,South,Paid,88,9.63,0.09,771.17
2024-11-22,Social Media,North,Paid,21,3.13,0.17,54.56
2024-06-01,Productivity,West,Free,346,6.09,0.09,1917.5
2024-07-02,Games,East,Paid,461,6.76,0.13,2711.23
2024-03-28,Productivity,East,Paid,31,3.88,0.06,113.06
2024-04-19,Games,West,Paid,9,3.39,0.07,28.37
2024-06-14,Productivity,East,Free,427,8.4,0.24,2725.97
2024-08-28,Social Media,West,Free,171,6.36,0.12,957.05
2024-08-07,Productivity,West,Paid,122,4.92,0.2,480.19
2024-03-25,Utilities,East,Paid,376,0.34,0.12,112.5
2024-03-01,Social Media,East,Free,165,0.64,0.06,99.26
2024-06-05,Games,South,Free,492,2.4,0.08,1086.34
2024-06-27,Utilities,South,Paid,240,3.44,0.0,825.6
2024-05-11,Utilities,North,Paid,28,9.75,0.07,253.89
2024-06-21,Social Media,West,Free,187,6.89,0.16,1082.28
2024-05-22,Social Media,North,Paid,10,5.75,0.02,56.35
2024-11-14,Social Media,West,Free,330,7.86,0.26,1919.41
2024-02-02,Social Media,West,Paid,189,2.54,0.16,403.25
2024-10-07,Utilities,South,Paid,13,6.62,0.13,74.87
2024-11-24,Utilities,South,Free,223,2.75,0.25,459.94
2024-04-13,Utilities,South,Free,405,8.34,0.27,2465.72
2024-08-17,Productivity,North,Paid,458,0.6,0.02,269.3
2024-06-03,Games,North,Paid,68,7.86,0.04,513.1
2024-01-25,Social Media,East,Paid,386,3.32,0.16,1076.48
2024-12-13,Utilities,North,Paid,68,0.92,0.07,58.18
2024-12-03,Productivity,North,Free,439,8.36,0.19,2972.73
2024-12-04,Productivity,South,Paid,14,2.15,0.19,24.38
2024-02-08,Utilities,North,Paid,176,4.68,0.08,757.79
2024-07-15,Utilities,North,Free,106,0.01,0.02,1.04
2024-02-20,Social Media,South,Paid,215,1.37,0.23,226.8
2024-08-11,Utilities,West,Paid,183,8.5,0.01,1539.94
2024-04-26,Productivity,South,Free,76,8.77,0.19,539.88
2024-07-07,Games,West,Paid,229,8.55,0.02,1918.79
2024-04-15,Utilities,East,Paid,206,4.01,0.05,784.76
2024-10-28,Utilities,East,Paid,92,1.85,0.12,149.78
2024-05-01,Productivity,East,Free,291,2.34,0.08,626.46
2024-08-14,Games,North,Paid,65,0.65,0.19,34.22
2024-03-23,Productivity,South,Free,432,2.87,0.0,1239.84
2024-04-13,Utilities,West,Paid,301,4.83,0.23,1119.45
2024-02-14,Utilities,North,Paid,56,4.79,0.16,225.32
2024-12-19,Social Media,East,Free,14,0.93,0.11,11.59
2024-12-11,Productivity,West,Paid,307,5.78,0.13,1543.78
2024-04-17,Productivity,East,Free,154,7.31,0.25,844.3
2024-09-01,Productivity,East,Paid,70,1.17,0.27,59.79
2024-05-05,Social Media,South,Paid,440,4.11,0.23,1392.47
2024-04-12,Social Media,North,Free,163,5.95,0.08,892.26
2024-01-05,Games,East,Free,61,0.06,0.09,3.33
2024-05-30,Utilities,West,Free,291,4.76,0.07,1288.2
2024-07-06,Games,South,Free,446,1.26,0.19,455.19
2024-12-03,Social Media,North,Paid,492,8.76,0.28,3103.14
2024-09-17,Games,South,Paid,147,5.99,0.04,845.31
2024-11-18,Productivity,West,Free,245,2.3,0.06,529.69
2024-06-23,Utilities,North,Free,436,3.94,0.14,1477.34
2024-10-06,Social Media,East,Free,498,4.13,0.12,1809.93
2024-01-02,Games,West,Free,437,4.89,0.23,1645.44
2024-11-06,Games,South,Paid,173,8.41,0.06,1367.63
2024-07-20,Games,East,Paid,417,7.57,0.29,2241.25
2024-05-30,Games,North,Free,488,8.25,0.25,3019.5
2024-12-04,Utilities,East,Free,401,8.56,0.04,3295.26
2024-01-27,Productivity,West,Paid,464,2.9,0.24,1022.66
2024-06-30,Productivity,West,Paid,163,2.89,0.14,405.12
2024-01-12,Productivity,East,Free,190,5.37,0.0,1020.3
2024-03-21,Games,North,Free,67,2.33,0.06,146.74
2024-07-06,Social Media,North,Free,260,6.97,0.02,1775.96
2024-07-09,Utilities,North,Free,204,3.14,0.17,531.66
2024-10-17,Productivity,North,Paid,234,4.07,0.15,809.52
2024-12-01,Social Media,East,Free,2,1.55,0.27,2.26
2024-05-15,Social Media,South,Free,229,9.58,0.02,2149.94
2024-06-06,Games,North,Paid,322,3.03,0.14,839.07
2024-05-15,Productivity,North,Paid,375,7.96,0.19,2417.85
2024-01-07,Utilities,East,Paid,234,6.45,0.07,1403.65
2024-07-28,Productivity,South,Free,255,9.19,0.29,1663.85
2024-09-09,Games,North,Paid,52,1.89,0.03,95.33
2024-05-03,Games,West,Paid,341,4.94,0.14,1448.7
2024-11-17,Utilities,South,Free,17,8.69,0.02,144.78
2024-06-13,Games,East,Paid,365,7.18,0.26,1939.32
2024-11-13,Social Media,East,Paid,49,3.67,0.01,178.03
2024-12-25,Productivity,East,Paid,486,8.9,0.14,3719.84
2024-02-22,Games,South,Free,66,1.3,0.24,65.21
2024-02-26,Utilities,East,Paid,211,0.49,0.16,86.85
2024-07-25,Utilities,West,Free,408,8.02,0.19,2650.45
2024-08-24,Games,West,Paid,264,4.68,0.02,1210.81
2024-10-24,Utilities,South,Paid,401,4.38,0.11,1563.18
2024-03-07,Social Media,West,Free,82,3.84,0.24,239.31
2024-10-23,Games,South,Free,123,4.19,0.26,381.37
2024-09-19,Games,West,Free,190,4.64,0.11,784.62
2024-07-13,Productivity,East,Paid,178,6.09,0.03,1051.5
2024-12-25,Productivity,West,Free,101,7.48,0.28,543.95
2024-07-13,Games,East,Free,280,6.94,0.01,1923.77
2024-03-07,Social Media,West,Paid,102,3.53,0.04,345.66
2024-01-09,Utilities,West,Free,146,8.4,0.26,907.54
2024-03-25,Games,North,Free,280,0.25,0.07,65.1
2024-09-30,Social Media,South,Paid,184,8.41,0.15,1315.32
2024-03-27,Productivity,South,Paid,82,1.18,0.27,70.63
2024-11-08,Games,South,Free,433,5.47,0.09,2155.34
2024-12-10,Utilities,North,Free,142,6.97,0.17,821.48
2024-12-17,Social Media,West,Paid,187,3.22,0.05,572.03
2024-12-14,Social Media,South,Free,15,4.41,0.25,49.61
2024-03-16,Games,West,Free,228,2.58,0.29,417.65
2024-02-21,Social Media,West,Paid,315,0.82,0.0,258.3
2024-05-18,Productivity,North,Paid,428,4.5,0.07,1791.18
2024-03-20,Productivity,East,Paid,278,3.85,0.09,973.97
2024-10-02,Social Media,West,Free,2,6.69,0.12,11.77
2024-11-17,Utilities,West,Paid,421,4.77,0.26,1486.05
2024-07-06,Utilities,East,Free,49,2.35,0.28,82.91
2024-10-30,Games,North,Paid,261,2.98,0.14,668.89
2024-09-19,Productivity,South,Paid,386,5.97,0.04,2212.24
2024-04-18,Social Media,East,Free,470,0.05,0.28,16.92
2024-08-06,Games,West,Free,299,7.88,0.29,1672.85
2024-09-28,Social Media,West,Paid,162,0.31,0.06,47.21
2024-07-29,Social Media,West,Paid,220,0.26,0.02,56.06
2024-10-02,Utilities,East,Paid,239,9.72,0.17,1928.16
2024-06-24,Social Media,East,Free,160,5.01,0.2,641.28
2024-04-17,Productivity,North,Paid,495,1.72,0.27,621.52
2024-01-08,Productivity,East,Paid,419,8.28,0.21,2740.76
2024-11-13,Utilities,West,Free,460,0.45,0.23,159.39
2024-04-11,Social Media,South,Free,355,9.97,0.24,2689.91
2024-05-12,Social Media,East,Free,356,3.13,0.04,1069.71
2024-06-08,Productivity,East,Free,270,2.16,0.24,443.23
2024-05-05,Utilities,South,Paid,273,6.7,0.0,1829.1
2024-10-18,Utilities,North,Free,186,2.72,0.09,460.39
2024-12-24,Games,South,Free,156,4.02,0.17,520.51
2024-03-10,Games,South,Paid,374,2.3,0.17,713.97
2024-04-20,Productivity,North,Free,140,7.55,0.01,1046.43
2024-05-17,Social Media,North,Free,432,2.85,0.16,1034.21
2024-10-16,Games,North,Free,154,9.04,0.2,1113.73
2024-06-28,Social Media,West,Paid,181,4.03,0.18,598.13
2024-08-17,Utilities,West,Free,167,1.67,0.05,264.95
2024-08-16,Utilities,East,Free,251,2.73,0.11,609.85
2024-10-01,Productivity,South,Free,332,8.33,0.04,2654.94
2024-12-31,Social Media,West,Free,439,4.95,0.09,1977.48
2024-10-28,Social Media,West,Free,54,3.48,0.21,148.46
2024-10-20,Productivity,North,Paid,148,0.02,0.04,2.84
2024-09-06,Social Media,South,Free,74,2.51,0.16,156.02
2024-12-10,Productivity,South,Free,334,5.58,0.06,1751.9
2024-03-19,Productivity,West,Free,410,0.45,0.12,162.36
2024-05-26,Utilities,North,Free,72,0.44,0.04,30.41
2024-08-29,Productivity,South,Free,480,2.3,0.12,971.52
2024-05-07,Games,West,Paid,466,0.7,0.27,238.13
2024-10-22,Social Media,East,Paid,178,9.97,0.3,1242.26
2024-09-30,Social Media,South,Paid,496,9.82,0.08,4481.06
2024-07-13,Social Media,East,Paid,238,3.98,0.29,672.54
2024-09-13,Games,North,Free,233,3.23,0.18,617.12
2024-01-10,Games,East,Free,233,7.28,0.13,1475.73
2024-07-06,Games,North,Paid,103,3.35,0.14,296.74
2024-03-12,Utilities,South,Paid,472,0.5,0.1,212.4
2024-08-21,Social Media,South,Free,303,2.64,0.02,783.92
2024-05-22,Productivity,North,Free,173,0.87,0.29,106.86
2024-06-09,Social Media,South,Paid,148,1.4,0.24,157.47
2024-09-05,Social Media,South,Free,333,4.79,0.02,1563.17
2024-02-09,Productivity,West,Paid,174,4.81,0.14,719.77
2024-11-20,Games,West,Free,48,4.84,0.2,185.86
2024-03-20,Utilities,South,Paid,411,7.46,0.0,3066.06
2024-08-29,Productivity,North,Free,154,9.55,0.28,1058.9
2024-11-15,Social Media,East,Free,21,0.44,0.22,7.21
2024-10-02,Games,South,Paid,359,4.67,0.15,1425.05
2024-02-16,Social Media,North,Free,8,6.78,0.17,45.02
2024-09-13,Utilities,West,Paid,130,9.09,0.24,898.09
2024-07-26,Games,East,Paid,94,9.04,0.25,637.32
2024-07-29,Utilities,West,Free,218,0.52,0.29,80.49
2024-05-30,Games,West,Free,304,7.79,0.25,1776.12
2024-11-16,Games,West,Free,177,3.05,0.3,377.9
2024-01-31,Social Media,East,Free,174,1.43,0.19,201.54
2024-05-01,Productivity,West,Paid,154,9.26,0.21,1126.57
2024-08-13,Games,North,Free,300,0.99,0.17,246.51
2024-08-21,Games,South,Free,306,0.49,0.22,116.95
2024-07-14,Utilities,West,Paid,386,7.25,0.19,2266.79
2024-02-03,Social Media,East,Free,336,9.86,0.11,2948.53
2024-06-02,Productivity,West,Free,112,4.11,0.27,336.03
2024-04-22,Productivity,West,Paid,313,1.33,0.03,403.8
2024-06-16,Productivity,North,Paid,211,9.03,0.09,1733.85
2024-11-19,Utilities,East,Paid,331,4.9,0.16,1362.4
2024-03-10,Productivity,West,Free,388,6.55,0.16,2134.78
2024-09-11,Games,North,Free,181,2.69,0.12,428.46
2024-10-19,Utilities,North,Paid,279,3.88,0.08,995.92
2024-10-29,Games,East,Free,62,1.66,0.07,95.72
2024-09-08,Productivity,West,Paid,354,8.65,0.02,3000.86
2024-10-25,Utilities,East,Paid,68,7.78,0.29,375.62
2024-05-21,Games,South,Free,66,9.18,0.3,424.12
2024-01-12,Social Media,North,Free,336,3.29,0.2,884.35
2024-11-23,Utilities,North,Paid,185,7.2,0.1,1198.8
2024-03-07,Social Media,South,Free,260,3.18,0.16,694.51
2024-01-18,Social Media,South,Free,123,6.8,0.1,752.76
2024-04-13,Games,North,Free,345,2.84,0.21,774.04
2024-11-27,Utilities,North,Paid,436,3.1,0.06,1270.5
2024-10-25,Games,West,Paid,490,1.79,0.15,745.54
2024-08-02,Social Media,North,Free,5,2.15,0.2,8.6
2024-12-03,Social Media,West,Free,222,0.53,0.03,114.13
2024-01-08,Utilities,North,Free,156,1.94,0.06,284.48
2024-06-20,Utilities,North,Free,395,6.0,0.04,2275.2
2024-03-11,Social Media,North,Paid,473,9.69,0.12,4033.37
2024-07-26,Productivity,South,Free,251,6.55,0.03,1594.73
2024-09-17,Utilities,North,Free,364,8.86,0.06,3031.54
2024-11-05,Social Media,North,Free,443,6.0,0.11,2365.62
2024-09-03,Productivity,West,Free,337,8.87,0.25,2241.89
2024-05-23,Productivity,North,Free,171,2.38,0.24,309.3
2024-06-29,Productivity,West,Paid,422,8.96,0.07,3516.44
2024-02-19,Social Media,South,Paid,498,3.72,0.06,1741.41
2024-02-18,Utilities,North,Free,146,9.07,0.26,979.92
2024-10-18,Productivity,West,Free,476,6.85,0.13,2836.72
2024-04-26,Social Media,East,Paid,457,8.31,0.14,3266.0
2024-11-23,Utilities,South,Paid,191,2.02,0.08,354.95
2024-07-08,Productivity,West,Paid,416,6.95,0.27,2110.58
2024-07-03,Productivity,North,Paid,120,5.7,0.18,560.88
2024-10-19,Productivity,North,Free,68,0.42,0.29,20.28
2024-03-07,Social Media,East,Free,492,0.1,0.29,34.93
2024-06-01,Productivity,East,Paid,443,4.86,0.24,1636.26
2024-09-18,Games,North,Free,239,6.88,0.05,1562.1
2024-12-25,Productivity,East,Free,334,4.79,0.02,1567.86
2024-02-01,Games,East,Free,117,0.8,0.22,73.01
2024-01-10,Productivity,East,Free,483,7.32,0.13,3075.94
2024-01-15,Social Media,South,Free,381,1.11,0.23,325.64
2024-08-02,Productivity,East,Free,302,5.2,0.02,1538.99
2024-02-09,Productivity,West,Paid,274,7.34,0.05,1910.6
2024-06-13,Social Media,North,Paid,224,9.86,0.01,2186.55
2024-10-18,Games,East,Free,376,5.67,0.11,1897.41
2024-11-20,Utilities,West,Paid,68,5.85,0.28,286.42
2024-03-11,Productivity,South,Paid,330,6.0,0.11,1762.2
2024-11-05,Productivity,East,Paid,335,4.95,0.21,1310.02
2024-04-18,Games,North,Free,376,4.22,0.22,1237.64
2024-03-24,Games,South,Paid,315,8.29,0.21,2062.97
2024-08-20,Games,West,Free,181,3.24,0.25,439.83
2024-09-30,Utilities,South,Free,310,4.26,0.01,1307.39
2024-03-01,Games,West,Paid,204,9.5,0.12,1705.44
2024-08-27,Productivity,South,Paid,140,3.33,0.12,410.26
2024-04-30,Games,East,Free,240,7.66,0.2,1470.72
2024-11-27,Social Media,North,Free,152,9.73,0.06,1390.22
2024-11-11,Games,East,Paid,11,5.18,0.11,50.71
2024-02-27,Games,West,Free,280,4.59,0.3,899.64
2024-04-15,Utilities,West,Paid,405,7.0,0.23,2182.95
2024-11-08,Social Media,North,Free,386,7.06,0.09,2479.9
2024-05-25,Social Media,East,Free,447,1.5,0.06,630.27
2024-11-19,Games,West,Free,436,6.46,0.13,2450.41
2024-01-08,Productivity,South,Free,493,7.28,0.08,3301.92
2024-04-20,Utilities,South,Free,342,8.26,0.18,2316.43
2024-06-06,Utilities,North,Free,249,2.97,0.1,665.58
2024-12-18,Productivity,South,Paid,444,3.44,0.1,1374.62
2024-10-14,Utilities,South,Free,448,3.44,0.02,1510.3
2024-12-24,Productivity,West,Paid,495,2.49,0.13,1072.32
2024-10-05,Social Media,South,Paid,417,6.12,0.29,1811.95
2024-06-18,Games,South,Free,250,0.33,0.08,75.9
2024-07-16,Productivity,North,Paid,427,5.99,0.15,2174.07
2024-11-14,Utilities,East,Free,429,9.06,0.14,3342.6
2024-02-25,Productivity,West,Paid,90,7.28,0.07,609.34
2024-07-27,Productivity,North,Paid,78,1.78,0.26,102.74
2024-10-19,Utilities,West,Free,122,6.93,0.2,676.37
2024-04-06,Social Media,West,Free,348,1.56,0.04,521.16
2024-09-27,Productivity,North,Free,117,0.93,0.25,81.61
2024-05-18,Social Media,North,Paid,2,4.93,0.14,8.48
2024-05-09,Utilities,North,Paid,163,3.18,0.0,518.34
2024-07-04,Games,East,Free,490,5.96,0.17,2423.93
2024-11-19,Productivity,West,Paid,252,2.5,0.15,535.5
2024-12-13,Games,North,Free,292,0.0,0.13,0.0
2024-02-28,Social Media,West,Paid,212,4.65,0.13,857.65
2024-03-22,Utilities,South,Paid,40,6.95,0.15,236.3
2024-06-15,Productivity,South,Paid,96,6.57,0.04,605.49
2024-01-02,Games,West,Paid,41,4.38,0.25,134.68
2024-10-10,Games,East,Free,203,3.92,0.04,763.93
2024-11-16,Utilities,East,Free,102,7.82,0.11,709.9
2024-10-22,Social Media,North,Free,20,1.93,0.27,28.18
2024-08-23,Productivity,East,Free,138,8.44,0.14,1001.66
2024-04-19,Utilities,East,Paid,310,2.06,0.12,561.97
2024-02-26,Productivity,East,Free,321,1.26,0.1,364.01
2024-11-06,Games,West,Paid,310,0.91,0.22,220.04
2024-01-31,Social Media,South,Paid,120,3.83,0.07,427.43
2024-02-24,Productivity,East,Free,428,0.97,0.1,373.64
2024-04-07,Social Media,West,Free,340,4.82,0.25,1229.1
2024-08-08,Games,West,Free,327,0.29,0.15,80.61
2024-04-22,Social Media,West,Free,408,9.02,0.12,3238.54
2024-04-19,Productivity,West,Free,119,4.34,0.3,361.52
2024-05-31,Social Media,West,Paid,496,6.96,0.04,3314.07
2024-03-28,Productivity,South,Paid,61,6.83,0.13,362.47
2024-04-16,Utilities,West,Free,419,0.49,0.04,197.1
2024-05-23,Social Media,North,Free,213,8.51,0.26,1341.35
2024-02-20,Social Media,North,Free,325,3.68,0.11,1064.44
2024-05-30,Games,West,Paid,159,2.56,0.04,390.76
2024-08-11,Social Media,West,Paid,311,7.1,0.09,2009.37
2024-10-16,Social Media,South,Free,398,2.2,0.27,639.19
2024-11-13,Productivity,East,Free,191,1.17,0.02,219.0
2024-08-19,Utilities,West,Free,496,7.01,0.27,2538.18
2024-09-24,Productivity,West,Paid,451,9.56,0.26,3190.55
2024-10-29,Utilities,West,Paid,420,9.85,0.17,3433.71
2024-06-10,Utilities,East,Free,102,4.83,0.08,453.25
2024-03-07,Social Media,North,Free,448,6.02,0.1,2427.26
2024-03-15,Social Media,East,Paid,294,8.2,0.07,2242.04
2024-04-24,Productivity,South,Free,75,8.43,0.22,493.16
2024-09-27,Productivity,North,Paid,433,8.5,0.05,3496.48
2024-07-19,Utilities,West,Free,378,4.15,0.21,1239.27
2024-12-12,Utilities,West,Free,209,4.71,0.27,718.6
2024-04-12,Utilities,North,Paid,481,4.98,0.29,1700.72
2024-11-24,Utilities,North,Free,437,3.5,0.05,1453.02
2024-09-09,Social Media,North,Free,95,3.99,0.01,375.26
2024-09-21,Games,North,Free,240,3.91,0.19,760.1
2024-11-27,Social Media,South,Free,383,2.83,0.01,1073.05
2024-04-25,Games,West,Free,86,9.33,0.11,714.12
2024-01-22,Utilities,East,Paid,355,6.53,0.03,2248.61
2024-04-12,Productivity,South,Free,392,9.55,0.05,3556.42
2024-10-09,Utilities,West,Paid,369,0.33,0.2,97.42
2024-01-19,Social Media,North,Paid,316,8.84,0.13,2430.29
2024-03-07,Utilities,East,Free,231,9.06,0.16,1758.0
2024-06-14,Productivity,East,Paid,294,7.18,0.13,1836.5
2024-08-17,Utilities,South,Free,448,8.93,0.26,2960.47
2024-04-21,Utilities,North,Paid,74,9.18,0.09,618.18
2024-12-17,Utilities,West,Paid,336,7.11,0.29,1696.16
2024-07-21,Utilities,East,Paid,303,6.66,0.02,1977.62
2024-08-15,Social Media,West,Free,264,9.71,0.18,2102.02
2024-01-28,Productivity,East,Paid,258,3.54,0.25,684.99
2024-02-02,Social Media,West,Free,236,3.62,0.2,683.46
2024-06-26,Utilities,West,Paid,325,0.48,0.02,152.88
2024-06-30,Productivity,West,Free,13,2.72,0.06,33.24
2024-03-30,Utilities,North,Paid,35,1.19,0.23,32.07
2024-05-18,Games,East,Free,425,2.46,0.06,982.77
2024-03-01,Games,North,Paid,379,0.0,0.23,0.0
2024-07-03,Utilities,North,Free,187,0.45,0.06,79.1
2024-05-30,Utilities,North,Paid,27,5.67,0.23,117.88
2024-08-17,Social Media,South,Free,454,3.24,0.28,1059.09
2024-02-27,Productivity,South,Free,76,9.08,0.17,572.77
2024-05-22,Games,South,Free,208,9.55,0.01,1966.54
2024-08-26,Social Media,South,Free,296,0.9,0.13,231.77
2024-03-15,Utilities,North,Free,472,2.03,0.14,824.02
2024-06-21,Games,East,Paid,128,7.89,0.27,737.24
2024-07-18,Productivity,East,Free,9,2.05,0.02,18.08
2024-09-20,Games,South,Free,325,3.3,0.03,1040.32
2024-08-06,Social Media,North,Free,434,1.22,0.08,487.12
2024-01-04,Productivity,East,Paid,217,5.45,0.13,1028.91
2024-05-23,Social Media,South,Free,487,0.04,0.17,16.17
2024-07-16,Productivity,South,Free,251,4.16,0.25,783.12
2024-01-18,Games,North,Paid,278,8.6,0.14,2056.09
2024-12-11,Utilities,West,Paid,298,0.13,0.24,29.44
2024-01-24,Social Media,West,Paid,450,9.38,0.14,3630.06
2024-09-23,Utilities,North,Free,327,0.51,0.24,126.75
2024-12-19,Games,West,Free,406,6.13,0.23,1916.36
2024-03-10,Games,East,Paid,422,0.68,0.17,238.18
2024-11-26,Productivity,East,Free,40,0.76,0.08,27.97
2024-10-22,Productivity,South,Paid,225,4.69,0.27,770.33
2024-07-17,Games,North,Free,236,3.9,0.03,892.79
2024-07-10,Social Media,North,Free,326,8.75,0.07,2652.82
2024-08-28,Utilities,North,Free,429,2.96,0.26,939.68
2024-08-04,Productivity,North,Paid,58,3.14,0.28,131.13
2024-10-14,Social Media,East,Paid,426,4.36,0.1,1671.62
2024-08-20,Productivity,North,Free,75,3.87,0.25,217.69
2024-07-10,Games,West,Free,172,4.4,0.11,673.55
2024-07-15,Productivity,West,Paid,81,1.64,0.06,124.87
2024-12-13,Games,West,Free,420,1.92,0.12,709.63
2024-04-19,Games,North,Free,435,7.69,0.24,2542.31
2024-10-19,Utilities,East,Free,375,3.33,0.02,1223.78
2024-03-31,Games,East,Paid,233,0.88,0.21,161.98
2024-08-04,Games,South,Free,485,6.56,0.2,2545.28
2024-05-28,Utilities,West,Paid,161,4.19,0.1,607.13
2024-07-09,Social Media,North,Free,432,6.75,0.25,2187.0
2024-02-05,Productivity,South,Free,406,2.54,0.1,928.12
2024-10-25,Games,South,Paid,98,0.29,0.05,27.0
2024-11-14,Productivity,West,Free,223,1.69,0.13,327.88
2024-01-13,Productivity,South,Free,361,5.3,0.18,1568.91
2024-08-06,Utilities,South,Paid,457,3.43,0.22,1222.66
2024-09-18,Productivity,South,Free,429,7.34,0.12,2771.0
2024-11-12,Games,East,Free,435,2.79,0.23,934.51
2024-09-02,Social Media,West,Free,475,2.34,0.29,789.16
2024-03-27,Social Media,West,Paid,11,5.29,0.2,46.55
2024-08-06,Productivity,East,Paid,334,6.66,0.08,2046.48
2024-06-02,Games,East,Paid,450,6.95,0.28,2251.8
2024-07-13,Social Media,South,Free,30,3.55,0.21,84.14
2024-03-05,Utilities,North,Paid,280,7.2,0.06,1895.04
2024-03-27,Social Media,West,Free,164,2.48,0.03,394.52
2024-11-02,Games,South,Free,417,9.4,0.14,3371.03
2024-12-24,Productivity,South,Paid,24,2.05,0.21,38.87
2024-09-18,Games,East,Paid,65,0.94,0.23,47.05
2024-07-02,Utilities,South,Free,193,5.12,0.22,770.76
2024-02-14,Games,South,Free,274,4.62,0.1,1139.29
2024-12-07,Games,East,Paid,361,3.19,0.2,921.27
2024-11-06,Games,West,Free,442,4.13,0.05,1734.19
2024-12-09,Social Media,South,Free,462,1.42,0.19,531.39
2024-08-23,Social Media,East,Paid,8,8.1,0.1,58.32
2024-08-07,Games,East,Paid,315,6.01,0.15,1609.18
2024-11-04,Games,South,Paid,80,0.19,0.2,12.16
2024-02-08,Utilities,North,Free,198,9.98,0.03,1916.76
2024-07-07,Utilities,East,Free,134,6.52,0.16,733.89
2024-08-05,Utilities,East,Free,1,2.09,0.18,1.71
2024-11-04,Productivity,West,Free,55,1.88,0.08,95.13
2024-08-03,Utilities,East,Paid,267,3.63,0.07,901.37
2024-07-19,Games,West,Paid,427,8.54,0.17,3026.66
2024-10-18,Productivity,North,Paid,467,4.65,0.26,1606.95
2024-06-08,Social Media,North,Free,137,2.92,0.03,388.04
2024-05-15,Utilities,North,Paid,370,3.63,0.12,1181.93
2024-07-01,Productivity,North,Free,187,7.89,0.08,1357.4
2024-09-18,Productivity,North,Paid,421,2.77,0.13,1014.57
2024-10-28,Productivity,North,Paid,373,8.63,0.19,2607.38
2024-01-06,Productivity,South,Free,476,5.25,0.12,2199.12
2024-05-14,Utilities,North,Paid,469,9.06,0.15,3611.77
2024-09-17,Games,West,Paid,274,4.43,0.08,1116.71
2024-07-19,Games,West,Paid,467,7.23,0.17,2802.42
2024-10-26,Social Media,East,Paid,307,8.03,0.23,1898.21
2024-07-26,Social Media,South,Paid,307,6.07,0.22,1453.52
2024-07-18,Games,North,Free,439,9.75,0.09,3895.03
2024-12-31,Games,North,Free,455,6.33,0.16,2419.33
2024-10-25,Productivity,East,Paid,295,0.28,0.24,62.78
2024-01-03,Games,East,Free,61,2.93,0.22,139.41
2024-01-25,Utilities,West,Free,440,0.05,0.27,16.06
2024-07-11,Productivity,West,Paid,28,1.31,0.05,34.85
2024-08-08,Social Media,East,Paid,137,4.93,0.22,526.82
2024-11-15,Productivity,West,Free,86,9.2,0.29,561.75
2024-08-01,Games,South,Paid,360,2.26,0.06,764.78
2024-02-03,Social Media,North,Free,267,5.78,0.06,1450.66
2024-04-14,Productivity,South,Paid,25,6.61,0.18,135.51
2024-02-24,Utilities,South,Free,205,6.42,0.02,1289.78
2024-07-22,Games,West,Free,101,6.51,0.25,493.13
2024-01-05,Games,South,Paid,187,6.44,0.28,867.08
